681,https://yofreesamples.com/free/samples-without-surveys/?utm_source=browser&utm_medium=push_notification&utm_campaign=PushCrew_notification_WELCOME_1455134077&pushcrew_powered
132,http://pushpros.go2cloud.org/aff_c?offer_id=271&aff_id=1096&aff_sub2=15041&aff_sub4=0&email=&firstname=&lastname=&city=&zip=
957,https://startupinvestor.io/lm/a-brand-new-way-you-can-make-money-yh/?iris=1299642&advText=yes&popup=no&src=taboola&ad=brandnewperformance
1141,https://www.margheritalive.it/news/cronaca/835129/uccide-il-marito-a-coltellate-fermata-una-48enne
56,http://pushpros.go2cloud.org/aff_c?offer_id=63&aff_id=1075&aff_sub2=13993&aff_sub4=1096&email=&firstname=&lastname=&city=&zip=
824,https://www.all4women.co.za/subscribe?utm_source=PushCrew&utm_medium=push&utm_campaign=PushCrew
531,https://try.getitfreesamples.net/aa/ZANDS9?vid=&zDc=Desktop&zEx=&zVr=ZANDS9&click_id=494041083&origin_id=1070&utm_campaign=Display_Direct&utm_content=gillette&utm_medium=cpa&utm_source=710166&utm_term=258a84b7-e8ec-4957-838a-d5c503414725&zRid=DS
1014,https://gifygift.com/ru/dobryi-den/94b4ee78a8de3bf5375da32b717e61cf?utm_source=OneSignal&utm_medium=Push&utm_campaign=rozhiAndroid
1080,https://zadavaka.us/?utm_source=push&utm_medium=push&utm_campaign=welcome1&refid=ch-psh_src-pushwel_lp-main
882,https://childrencare.net/learning-activities-in-early-childhood-development/?utm_source=pushenga&utm_medium=pushenga&utm_campaign=pushenga
134,https://feedbackchoice.com/?s1=9925&s2=f4cf419c33c94c83b80c6ba5f814ffbd&utm_source=1_9925
57,http://pushpros.go2cloud.org/aff_c?offer_id=55&aff_id=1075&aff_sub2=14496&aff_sub4=0&email=&firstname=&lastname=&city=&zip=
933,https://www.rewire.org/love/wedding-plus-one-etiquette/?utm_medium=pushnotification&utm_source=onesignal&utm_campaign=notifications
58,http://pushpros.go2cloud.org/aff_c?offer_id=55&aff_id=1096&aff_sub2=15041&aff_sub4=0&email=&firstname=&lastname=&city=&zip=
1022,https://www.tnews.co.th/social/ada/519040/%E0%B8%AD%E0%B8%94%E0%B8%B5%E0%B8%95%E0%B8%84%E0%B8%A3%E0%B8%B9%E0%B9%80%E0%B8%81%E0%B8%A9%E0%B8%B5%E0%B8%A2%E0%B8%93%E0%B8%A7%E0%B8%B1%E0%B8%A2-70-%E0%B8%8A%E0%B8%B5%E0%B8%A7%E0%B8%B4%E0%B8%95%E0%B8%A3%E0%B8%B1%E0%B8%99%E0%B8%97%E0%B8%94-%E0%B8%9B%E0%B8%A0.%E0%B8%A3%E0%B9%89%E0%B8%AD%E0%B8%A2%E0%B9%80%E0%B8%AD%E0%B9%87%E0%B8%94%E0%B9%84%E0%B8%9B%E0%B9%80%E0%B8%88%E0%B8%AD%E0%B9%83%E0%B8%99%E0%B9%80%E0%B8%9E%E0%B8%B4%E0%B8%87%E0%B9%84%E0%B8%A1%E0%B9%89%E0%B9%80%E0%B8%81%E0%B9%88%E0%B8%B2%E0%B8%9C%E0%B8%B8%E0%B8%9E%E0%B8%B1%E0%B8%87-%E0%B9%82%E0%B8%94%E0%B8%99%E0%B8%99%E0%B9%89%E0%B8%B3%E0%B8%97%E0%B9%88%E0%B8%A7%E0%B8%A1-4-%E0%B8%A7%E0%B8%B1%E0%B8%99
919,https://www.seniorsavingz.org/list3b.php?site=XRaBKISmicShnV44Ol7Q6AAAAAw&subid=list3b-rs-100011-1968&utm_source=list3b-rs-100011-1968&clickid=NmQzYjU1NWI2MTU3MzBjODI1ZjRlNjA2M2FlNWVkNDM&source=SEN&pname=conversion
956,https://startupinvestor.io/lm/a-brand-new-way-you-can-make-money-yh/?iris=1299642&advText=yes&popup=no&src=taboola&ad=brandnewperformance
702,https://pushism.com/c?bidId=push_20190830234103_165e76eb_47b5_45dc_8304_3066ddd172d5&feedId=240&offerId=65666&url=https%3A%2F%2Ft.hrtye.com%2Fm18y64656o%3Furl_id%3D0%26aff_id%3D72238%26offer_id%3D5123%26bo%3D2753%2C2754%2C2755%2C2756&data=N.Hszkcp3GQO5RE0wDoM9u8c1jiQcmMXsvaZft1559gOja-mnhTW2zGnK-.vX2k27jf0FCLbAnIHLQFBUrGl478qxRrDb8-DhDnsF1-3shEfHF4790JZGvybPmapYP7U--vuu3-AVW6EqnTdq.azhyC-JD0NXU6GcR.Am7jM6wjzkjjv8Eg9yrfAVU51YM9xia2O1TYJ9OS8tRJtWtS8ZyhWqjlP9fz0SlxoFRaFvKXkbVZcsKqrsRE31MjebWTJimkancXBWj3GrI4zYKeBQ2MxjYJo94sYKsSHBALCGOub2KjHoqVHYhDTj6kBvb2zqdr8r8YQpH2mWW74-jows.wxhFKMZMr-EA0mU8iZz0ugtmsDGo.wNddNLSG0wRCrOb9UFAkluJxafhGWg.m65pAty0y2zZ23DdUIwCFSvW5YVrPf4aQ9gHqBrMTt9WRnLNbubmNMT2s31D6d6ObzH9WOdHs4y0iLyqzp4WLY41UfZdj.z7KMLO5JkY5NQGKpKXLKImvy3oPHY1kbcKUrDJgWmCgWqUVhJsOJz7DHLBmGE4l-Zop4J0Fy0tGQt2GagkXEWYIo9Eh9rzEko796Vg__
479,https://win.click4riches.info/api/offer
704,https://pushism.com/c?bidId=push_20190830224340_cfd79565_13f5_4ff6_84a6_9c816e2097a8&feedId=240&offerId=65665&url=https%3A%2F%2Ft.hrtye.com%2Fd9e6g5lx34%3Furl_id%3D0%26aff_id%3D72238%26offer_id%3D4140%26bo%3D2753%2C2754%2C2755%2C2756&data=N.Hszkcp3GQO5RE0wDoM9ictbqszfVYcH6oUUf.deypTq0R6lFqeQ0ctI7dOiCOmgfervYoqKwtz77vteNkLk.eD7fI-KjvzMxnRywAagUpwpvmdarx.iugSnGP0yYLC7p2o5Ff8nyWkjv23TdaOVpvBlmAo8lhLIS8Qg3L64jkq76fCHfD9GnQe89caL9Pau6UYGIpnsihk5MSmGq5Tz2URsBuvIuSvxMBJQhyb46Ji.gd4qf9DNgMvIMjtvB4XdVVDit5TCDDcayPDZfReyB0bk7GC7K4Rl7s0FyT-2hzRoSPkL06Oqw4pyQyNdmnmz-0vuYm6HE6ohCaEWxtm24EiONmbtOPvM0CiqPs5SX0A34jjGA4TIZyyENusjZ7xzrKI9sC-VXIAMGSOU01bkYnOGfxmtth42tySsOmcu5tALysdLT0McyYU2r8QLgtuPdL2Fd2akUaeHPcmixFhU2SPfQgkMkFpRNVuzKahSaKIMJ-AAbikWB4hEArzlIOE6x5b8NRZuJMbkuewO3D3Qje5PkBes70R6INRN-8YiJtPmYqEsX3HXLdbk8Br4pnMs2bXkevIu8BVPzZ3oIxHMw__
478,https://win.click4riches.info/api/offer
689,https://pushism.com/c?bidId=push_20190830065605_cfc8011a_1340_4e33_99d2_91c7d58925b3&feedId=105&offerId=41127&url=https%3A%2F%2Fanaged-trywheads.com%2F60a3ef67-4bcc-45f4-a6fe-787063fa1e06%3Fsource%3D41732%26supply_id%3D105%26country%3DUS%26campaign_id%3D41127%26device_name%3DGeneric%2BAndroid%2B7.1%26city%3DAthens%26language%3Den-US%26bid%3D0.04%26bidcpm%3D40%26creativity_id%3D
1113,https://shop4reebok.com/#category/Pag-60/No-0/0/All/facetPrice_d:[0%201999]?utm_source=izooto&utm_medium=push_notifications&utm_campaign=Below 1999_15-20Oct2019&utm_content=&utm_term=
50,http://pushpros.go2cloud.org/aff_c?offer_id=55&aff_id=1075&aff_sub2=14086&aff_sub4=1075&email=&firstname=&lastname=&city={city2}&zip=
883,https://childrencare.net/learning-activities-in-early-childhood-development/?utm_source=pushenga&utm_medium=pushenga&utm_campaign=pushenga
533,http://deepcrnr.com/?E=N%2fxTvVXlEbhjNhQZd3AHfthHIMvhjLk7&s1=
59,http://pushpros.go2cloud.org/aff_c?offer_id=63&aff_id=1096&aff_sub2=15041&aff_sub4=0&email=&firstname=&lastname=&city=&zip=
706,https://pushism.com/c?bidId=push_20190906031113_461780c0_ed3e_413c_a7cf_d0fa7432cfc1&feedId=105&offerId=23357&url=https%3A%2F%2Fanamuel-careslie.com%2Fa8c0e974-2f3b-4062-a2e7-b397cacbc60c%3Fsource%3D40150%26supply_id%3D105%26country%3DUS%26campaign_id%3D23357%26deviceName%3DGeneric%2BAndroid%2B7.1%26bid%3D0.067%26click_id%3Dpush_20190906031113_461780c0_ed3e_413c_a7cf_d0fa7432cfc1&data=N.Hszkcp3GQO5RE0wDoM9s2055cnJQMWRvwOOeJYa7M2FEvlqL04PsKx5wMYQ0wx.rYM-BuIoD1EvGIMT5MWXRpQHHD.-niWoBhv4icdkpeTqMbE39-Vax.L8DL-Y03DihIwyP.1VtT-fRsx5yvoaA0QcLzvnwh62NTqxNLfR0cwKZFHDMpX-NTCeZhf2cqILLFIorRY9h-I.APAx6L9Akhfckpm1FZSyklOD5
1013,https://setanmerah.net/today-in-manchester/david-beckham-dan-pertimbangannya-untuk-menjadi-seorang-manajer/
53,http://pushpros.go2cloud.org/aff_c?offer_id=55&aff_id=1096&aff_sub2=15041&aff_sub4=0&email=&firstname=&lastname=&city=&zip=
1023,https://www.tnews.co.th/entertainment/ada/519038/%E0%B8%9F%E0%B8%B1%E0%B8%87%E0%B8%8A%E0%B8%B1%E0%B8%94%E0%B9%86-%E0%B9%81%E0%B8%9E%E0%B8%97%E0%B8%A3%E0%B8%B4%E0%B9%80%E0%B8%8B%E0%B8%B5%E0%B8%A2-%E0%B8%A2%E0%B8%AD%E0%B8%A1%E0%B8%A3%E0%B8%B1%E0%B8%9A%E0%B8%94%E0%B8%B9%E0%B9%83%E0%B8%88-%E0%B9%82%E0%B8%99%E0%B9%89%E0%B8%95%E0%B8%A7%E0%B8%B4%E0%B9%80%E0%B8%A8%E0%B8%A9-%E0%B8%8A%E0%B9%88%E0%B8%A7%E0%B8%87%E0%B8%81%E0%B8%A5%E0%B8%B2%E0%B8%87%E0%B8%A1%E0%B8%B5%E0%B8%9B%E0%B8%A5%E0%B9%88%E0%B8%AD%E0%B8%A2%E0%B9%82%E0%B8%AE-%E0%B8%95%E0%B8%AD%E0%B8%99%E0%B8%97%E0%B9%89%E0%B8%B2%E0%B8%A2%E0%B8%96%E0%B8%B2%E0%B8%A1%E0%B9%80%E0%B8%A3%E0%B8%B7%E0%B9%88%E0%B8%AD%E0%B8%87%E0%B9%81%E0%B8%AE%E0%B8%81%E0%B9%84%E0%B8%AD%E0%B8%88%E0%B8%B5%E0%B9%80%E0%B8%94%E0%B8%B4%E0%B8%99%E0%B8%AB%E0%B8%99%E0%B8%B5%28%E0%B8%84%E0%B8%A5%E0%B8%B4%E0%B8%9B%29
1015,https://rblive.de/2019/08/25/rb-leipzig-gegen-eintracht-frankfurt-bundesliga-im-liveticker-2/
705,https://pushism.com/c?bidId=push_20190830051602_6ab77916_bd2b_4efe_9431_0b9312ebd2f8&feedId=105&offerId=23357&url=https%3A%2F%2Fanamuel-careslie.com%2Fa8c0e974-2f3b-4062-a2e7-b397cacbc60c%3Fsource%3D41732%26supply_id%3D105%26country%3DUS%26campaign_id%3D23357%26deviceName%3DGeneric%2BAndroid%2B7.1%26bid%3D0.063%26click_id%3Dpush_20190830051602_6ab77916_bd2b_4efe_9431_0b9312ebd2f8&data=N.Hszkcp3GQO5RE0wDoM9n9mNuhVsVVA5xvtlDpdJJLNvZtAqoPOjn5J1T9F8kF1ilZV7NrPZ1t3Ca3WjBSgkRtE7gsaaHz3DROB3DGY5LArypy4m5JeXiDOPXrd.NrYkArtNdqAX7XGJXLWqQkh8vIoSmsvoKH4d2692ueN2rB-bQHJsQpBIQUPoKsP6II-AySzXk8Yq5BjvduzVd01ZRih5MUnDKS8sHGFXKraiVUXNfX4
684,https://pushism.com/c?bidId=push_20191020041549_7551ffb0_13da_414b_9541_539b1d5f7d85&feedId=105&offerId=79609&url=https%3A%2F%2Fads.istngo.com%2F9b03b906-72f3-4c9d-8bac-772cd429d9a3%3Fcampaign%3Dp23_d1m_us_mc2_m_pn07%26creativity_id%3D172627%26source%3D15126908%26supply_id%3D105%26bid%3D0.045%26click_id%3Dpush_20191020041549_7551ffb0_13da_414b_9541_539b1d5f7d85&data=1c-YZMHKvaCfNdd7b24rKri2w01lJO6h3awauuru9.qfsTsfMIFJX2j1aaWuro8oX4MA79-muH-.UH9-.fitQw5BacKkyxVC1czJxe1x5PVBFoMvlB8PF90PeGh6EHRnixy1G039bJBC6E07JUkT8BDRoVDpBsFgpPI2pBr2YbvrCJifZpKpUkM17b85btrY9J6LlJO1n7wbX.HZPvrn-zaC.lpmi9EqhW6aExaRQ-x6w4s3kk8RfxnQ7wpHbSHAxN741wdIAQguyGGp96waPusiZPJp0E0pkP24dlBi6V9DeoAXS6mEAxtmAB2RTr5ikwEng18-RiIn8Mxik3DFT6L3DX3bpChg2QhaMnkxeKH40FvtYZ7fLSZK53Z5qf6xjnqhFbJt4h3TV2NXQ4hhedWmRdHJofaWEiwLt1sB6JH16EuL2Muds8RNspAIAZxCnC1-3t6UC-v3XBCpJ7gHmzgXseZ6v.BTCj2HNE9jU1JrUML6dOWjfmq1Xf4BcN89ZXhV0-novv0mEp1V-iPjzimPB6rR9nhh5OqZyKWtuNGq0g2SZ5WIePyjj7.Wk5Iz
660,https://www.impiego.eu/registrazione-candidati.php
20,http://pushpros.go2cloud.org/aff_c?offer_id=345&aff_id=1075&aff_sub2=14496&aff_sub4=0&email=&firstname=&lastname=&city=&zip=
532,https://try.getitfreesamples.net/aa/ZANDS9?vid=&zDc=Desktop&zEx=&zVr=ZANDS9&click_id=493493590&email=&utm_campaign=PN_C4R_17ZTOGIF_s&utm_content=TopPerformers&utm_medium=cpc&utm_source=Whatif_Push&utm_term=&zRid=DS
918,https://www.usapoliticstoday.org/beto-america-blame-guatemalas/
703,https://pushism.com/c?bidId=push_20190830232234_3726aec0_6b05_4bca_9fb8_8ba4e66ea578&feedId=240&offerId=65666&url=https%3A%2F%2Ft.hrtye.com%2Fm18y64656o%3Furl_id%3D0%26aff_id%3D72238%26offer_id%3D5123%26bo%3D2753%2C2754%2C2755%2C2756&data=N.Hszkcp3GQO5RE0wDoM9u8c1jiQcmMXsvaZft1559gOja-mnhTW2zGnK-.vX2k27jf0FCLbAnIHLQFBUrGl478qxRrDb8-DhDnsF1-3shEfHF4790JZGvybPmapYP7U--vuu3-AVW6EqnTdq.azhyC-JD0NXU6GcR.Am7jM6wjzkjjv8Eg9yrfAVU51YM9xia2O1TYJ9OS8tRJtWtS8ZyhWqjlP9fz0SlxoFRaFvKXkbVZcsKqrsRE31MjebWTJimkancXBWj3GrI4zYKeBQ2MxjYJo94sYKsSHBALCGOuHM.H9GpL8MJZpvgPYe1abVB1nTm4lxq.t81VQtwnpB2mrZZReK0TXFCCx4qrkWUqtWpysPkO9jSzCkGQFSizd-S.EErl4ReRDM4WXy54qsfDh2PvVQklzp7aSKBqLSymx4m2QmRzoSd4ed5YQAKtZz8MO1tn51mnX74HTLYnAF6.ltFZtQvh-BT8wT4kBML9CX6h-7GR-BBou0mT1Df5C9JSi392ltyq.RwjmgPdh9lEHa6NObx.nPnW5OEKM9BMMxq5uT6dVMoyUkScFAz7HD2lsW3REON6wE0mALQcdxA__
922,https://www.actualiteivoire.info/international/putsch-manque-au-burkina-diendere-et-bassole-condamnes-a-20-et-10-ans-de-prison/?utm_source=onesignal&utm_medium=onesignal&utm_term=webpush&utm_content=webpush&utm_campaign=webpush
674,https://www.americascardroom.eu/online-poker-promotions/welcome-package/?utm_source=browser&utm_medium=push_notification&utm_campaign=PushCrew_notification_1536633714
535,http://hwboutdat.com/?E=N%2fxTvVXlEbhjNhQZd3AHfthHIMvhjLk7&s1=&ckmguid=35e7cf8a-2a5c-45d2-8714-9cdfcfe3883e
55,http://pushpros.go2cloud.org/aff_c?offer_id=63&aff_id=1096&aff_sub2=15041&aff_sub4=0&email=&firstname=&lastname=&city=&zip=
1011,https://www.pillamaro.it/cronaca/blitz-della-guardia-di-finanza-sequestrati-capi-contraffatti-al-mercato-settimanale?utm_medium=push&utm_source=onesignal_push
1025,https://www.tnews.co.th/social/ada/519024/%E0%B8%AA%E0%B8%B1%E0%B9%88%E0%B8%87%E0%B9%80%E0%B8%94%E0%B9%89%E0%B8%87-%E0%B8%AD%E0%B8%98%E0%B8%B4%E0%B8%9A%E0%B8%94%E0%B8%B5%E0%B8%81%E0%B8%A3%E0%B8%A1%E0%B8%97%E0%B8%B2%E0%B8%87%E0%B8%AB%E0%B8%A5%E0%B8%A7%E0%B8%87-%E0%B9%80%E0%B8%8B%E0%B9%88%E0%B8%99%E0%B8%96%E0%B8%99%E0%B8%99%E0%B8%9E%E0%B8%A3%E0%B8%B0%E0%B8%A3%E0%B8%B2%E0%B8%A1%E0%B8%AA%E0%B8%AD%E0%B8%87%E0%B8%A3%E0%B8%96%E0%B8%95%E0%B8%B4%E0%B8%94%E0%B8%8B%E0%B9%89%E0%B8%B3%E0%B8%8B%E0%B8%B2%E0%B8%81
1122,https://coolestmedia.net/?z=56408&c=s*Ro9t*83RM&l1=109291&l2=157699_109291_0_&l3=&l4=157699_109291_0_&l5=PM_ADSIZE_WIDTH&l6=PM_ADSIZE_HEIGHT&source_id=157699_109291_0_
21,http://pushpros.go2cloud.org/aff_c?offer_id=271&aff_id=1075&aff_sub2=14086&aff_sub4=1096&email=&firstname=&lastname=&city={city2}&zip=
130,http://pushpros.go2cloud.org/aff_c?offer_id=204&aff_id=1045&aff_sub=3&aff_sub2=12400&aff_sub4=11001682929372_426768&email=&city=&firstname=&lastname=&zip=
675,https://www.americascardroom.eu/online-poker-promotions/welcome-package/?utm_source=browser&utm_medium=push_notification&utm_campaign=PushCrew_notification_1536633714
27,http://pushpros.go2cloud.org/aff_c?offer_id=271&aff_id=1096&aff_sub2=15041&aff_sub4=0&email=&firstname=&lastname=&city=&zip=
54,http://pushpros.go2cloud.org/aff_c?offer_id=55&aff_id=1075&aff_sub2=14086&aff_sub4=1075&email=&firstname=&lastname=&city={city2}&zip=
778,https://adaranth.com/afu.php?zoneid=2565566&var=59
884,https://childrencare.net/learning-activities-in-early-childhood-development/?utm_source=pushenga&utm_medium=pushenga&utm_campaign=pushenga
954,https://1776united.com/products/shall-not-be-infringed
137,https://wlpqq.message-alert.center/arrowLP/green-arrow.html?tag=600064&tag1=software_udate&tag2=2315244&tag3=600064&tag4=dating&clickid=faf488ee482488e4b09974e8d0bd5a74-4888-0831&device=UnknownMobile&brand=Unknown&model=Unknown&country=US&affid=600064&subid=2315244&ln=en&cid=&useragent=%25252525252525252525252525252525252525252525252525252525252525252525252525252525252525252525257Bvar%252525252525252525252525252525252525252525252525252525252525252525252525252525252525252525253Auseragent%25252525252525252525252525252525252525252525252525252525252525252525252525252525252525252525257D&ip=198.137.18.105&bv=Chrome%252525252525252525252525252525252525252525252525252525252525252525252525252525252525252525252520Mobile%25252525252525252525252525252525252525252525252525252525252525252525252525252525252525252525252064&as=pc&b=2&blkt=1
955,https://www.modlet.ro/165-lichidare-stoc?p=4&utm_source=Push-Notification&utm_medium=referral&utm_campaign=320
139,https://vietees.com/?utm_source=Firepush&utm_medium=Firepush&utm_campaign=Push+Welcome+push&utm_term=Push+Welcome+push&h=512-1-0-190829-0-0-346822552
23,http://pushpros.go2cloud.org/aff_c?offer_id=271&aff_id=1075&aff_sub2=11834&aff_sub4=1075&email=&firstname=&lastname=&city={city2}&zip=
589,https://www.mgid.com/ghits/3795975/i/36600/0/pp/1/1?h=FfxqchdKbbh8KYxRLBmijkLtqdJpR8irMwBEN0Wjmu0HUsZ_4tYJucXoO9tP3g1_&rid=465ae540-c991-11e9-b081-d0946675f22c&tt=Direct
52,http://pushpros.go2cloud.org/aff_c?offer_id=63&aff_id=1075&aff_sub2=14086&aff_sub4=1075&email=&firstname=&lastname=&city={city2}&zip=
538,https://hwboutdat.com/?E=N%2fxTvVXlEbgtvSaMQoLehdhHIMvhjLk7&s1=&ckmguid=160df46c-30c4-4b6a-9b18-766ecf99614c
1024,https://www.tnews.co.th/social/ada/519039/%E0%B9%80%E0%B8%9B%E0%B8%B4%E0%B8%94%E0%B8%84%E0%B8%A5%E0%B8%B4%E0%B8%9B%E0%B8%AA%E0%B8%B2%E0%B8%A7%E0%B9%82%E0%B8%9E%E0%B8%AA%E0%B8%95%E0%B9%8C%E0%B9%81%E0%B8%89%E0%B8%95%E0%B8%B3%E0%B8%A3%E0%B8%A7%E0%B8%88-%E0%B8%A2%E0%B8%B6%E0%B8%94%E0%B9%83%E0%B8%9A%E0%B8%82%E0%B8%B1%E0%B8%9A%E0%B8%82%E0%B8%B5%E0%B9%88-%E0%B8%AD%E0%B8%AD%E0%B8%81%E0%B9%83%E0%B8%9A%E0%B8%AA%E0%B8%B1%E0%B9%88%E0%B8%87%E0%B9%84%E0%B8%A1%E0%B9%88%E0%B8%A3%E0%B8%B0%E0%B8%9A%E0%B8%B8%E0%B8%A2%E0%B8%AD%E0%B8%94%E0%B8%84%E0%B9%88%E0%B8%B2%E0%B8%9B%E0%B8%A3%E0%B8%B1%E0%B8%9A-%E0%B9%81%E0%B8%88%E0%B9%89%E0%B8%87%E0%B8%82%E0%B9%89%E0%B8%AD%E0%B8%9B%E0%B8%A3%E0%B8%B0%E0%B8%97%E0%B8%B8%E0%B8%A9%E0%B8%A3%E0%B9%89%E0%B8%B2%E0%B8%A2%E0%B8%95%E0%B9%88%E0%B8%AD%E0%B9%80%E0%B8%88%E0%B9%89%E0%B8%B2%E0%B8%AB%E0%B8%99%E0%B9%89%E0%B8%B2%E0%B8%97%E0%B8%B5%E0%B9%88-%28%E0%B8%84%E0%B8%A5%E0%B8%B4%E0%B8%9B%29
814,https://signup.surveysandpromotionsonline.com/?Flow=6b51d955-0748-462e-9eb5-0ccdd7eceb37&isPrePop=true&reward=walmart1000wtheme&o=206494&subaff1=258a84b7-e8ec-4957-838a-d5c503414725&subaff2=204088&subaff3=106840&subaff4=walmart1000WinterW&DVID=
537,http://hwboutdat.com/?E=N%2fxTvVXlEbhjNhQZd3AHfthHIMvhjLk7&s1=&ckmguid=35e7cf8a-2a5c-45d2-8714-9cdfcfe3883e
136,https://hyjtm.message-alert.center/arrowLP/green-arrow.html?tag=600064&tag1=software_udate&tag2=2664980&tag3=600064&tag4=dating&clickid=461ce36aad1140763d0eb39819a35981-4888-0901&device=UnknownMobile&brand=Unknown&model=Unknown&country=US&affid=600064&subid=2664980&ln=en&cid=&useragent=%25252525252525252525252525252525252525252525252525252525252525252525252525252525257Bvar%252525252525252525252525252525252525252525252525252525252525252525252525252525253Auseragent%25252525252525252525252525252525252525252525252525252525252525252525252525252525257D&ip=198.137.18.105&bv=Chrome%252525252525252525252525252525252525252525252525252525252525252525252525252525252520Mobile%25252525252525252525252525252525252525252525252525252525252525252525252525252525252064&as=pc&b=2&blkt=1
682,https://yofreesamples.com/free/samples-without-surveys/?utm_source=browser&utm_medium=push_notification&utm_campaign=PushCrew_notification_WELCOME_1455134077&pushcrew_powered
51,http://pushpros.go2cloud.org/aff_c?offer_id=55&aff_id=1075&aff_sub2=14496&aff_sub4=0&email=&firstname=&lastname=&city=&zip=
25,http://pushpros.go2cloud.org/aff_c?offer_id=345&aff_id=1075&aff_sub2=14496&aff_sub4=0&email=&firstname=&lastname=&city=&zip=
885,https://childrencare.net/learning-activities-in-early-childhood-development/?utm_source=pushenga&utm_medium=pushenga&utm_campaign=pushenga
779,https://adaranth.com/afu.php?zoneid=2565566&var=59
24,http://pushpros.go2cloud.org/aff_c?offer_id=345&aff_id=1075&aff_sub2=14496&aff_sub4=0&email=&firstname=&lastname=&city=&zip=
820,https://pro.healthresponses.org/p/NHS_warburgnophone_0119/PNHSV605/?aid=161&sid1=120403&sid2=2282273&sid3=313282&sid4=&sid5=&oid=2062&tid=1028a9c402626aba3bca6394e53463&h=true
708,https://pushism.com/c?bidId=push_20190830190905_5f1c22e9_77f9_45d5_8500_a2cf097a5b94&feedId=240&offerId=65665&url=https%3A%2F%2Ft.hrtye.com%2Fd9e6g5lx34%3Furl_id%3D0%26aff_id%3D72238%26offer_id%3D4140%26bo%3D2753%2C2754%2C2755%2C2756&data=N.Hszkcp3GQO5RE0wDoM9ictbqszfVYcH6oUUf.deypTq0R6lFqeQ0ctI7dOiCOmgfervYoqKwtz77vteNkLk.eD7fI-KjvzMxnRywAagUpwpvmdarx.iugSnGP0yYLC7p2o5Ff8nyWkjv23TdaOVpvBlmAo8lhLIS8Qg3L64jkq76fCHfD9GnQe89caL9Pau6UYGIpnsihk5MSmGq5Tz2URsBuvIuSvxMBJQhyb46Ji.gd4qf9DNgMvIMjtvB4XdVVDit5TCDDcayPDZfReyB0bk7GC7K4Rl7s0FyT-2hyJsZ1lKxFX8XjDWr-ZQ5mP1xWNGYtO3neUI9fggK0PQRf4jEbBGORyeqIESrHIsm-R1QaBTXfRmlER1zOOFbWM6OT-neO98AEwH7t0xRitpEKmPwNDKaE2hYuW96cQdDN6QzCA6eGlnEwBJC34W1G0vTJlOVhsemmX8ODr63KBHWzm3Br8VyOxAi9Am93qS7Hz-U1n7JFEn84D8LT9Mj2WoM-fnSxa1fw.xC4bZst7TzcZeG4sfN1iAZTxVf0AWmu7xRXI0fGTpANKr00CFqntEUBlRM-xrHfX3cWLLic.DQ__
923,https://www.actualiteivoire.info/sport/dimanche-des-bleus-griezmann-signe-un-double-mbappe-sort-blesse/?utm_source=onesignal&utm_medium=onesignal&utm_term=webpush&utm_content=webpush&utm_campaign=webpush
133,http://pushpros.go2cloud.org/aff_c?offer_id=317&aff_id=1&aff_sub2=8440&aff_sub4=1102&email=&firstname=&lastname=&city=&zip=
821,http://www.messageadvantage.com/19800143869c770000/1324/GTPM/161396495
707,https://pushism.com/c?bidId=push_20190906200105_22040ebd_cdbf_4b8c_8661_76c98ee4a6e7&feedId=105&offerId=45598&url=http%3A%2F%2F2crg1.voluumtrk.com%2Ffaf59920-32e6-4ffc-b25a-cbce432eb353%3Fsubid%3D41736%26site%3D41736%26affid%3D252a%26supply%3D105%26cid%3D%26cost%3D0.046&data=N.Hszkcp3GQO5RE0wDoM9knghZ22EOODiYoHMfo-99i9coy7V9aS.KuuNQPyAC3-ZP97BqeqElBHzR9CIh6ye8mXL.MozQc-vELrxT-CSp8y1UhBgF.wqwlo8Cp4ZJuj-5g6gWSUbvdOwp7NtVCaIb4JkmQfQTGWLyvsxKs06h1J8k17WQPjwoy435TfXXOG0G7z3RnmE2sRIesQajxbsg5DwCFy1UhZM8XpjH9jur8KOaWIwg1kPFNW2nc2TyU0xGwNZn3PiAdQ69i5O2zoiEb1NrHjfSmToOImji9ShmhHCgXNQSYrURnvlv9xs260cxO.GoHYWqDHn2pNewhQgyECvkC-GYR44fIKjx2U89ne5w0F42AWmse3jzG-fuzti9n9pIS0le0Pp0trK5ZzW9yaIatrzYUbCZLhmyeq5vEGAQSjpG1BSHY1EsyicSULLLD4l21cZka-2OB9cewZ7LmfwFPWujq0bha1Q9HpMrtJVaFORX6-Mumw.N7p-5kR
1111,https://www.lendagames.com/2019/08/24/o-noping-recebeu-um-novo-visual-e-agora-esta-muito-mais-pratico/
539,http://hwboutdat.com/?E=N%2fxTvVXlEbhjNhQZd3AHfthHIMvhjLk7&s1=&ckmguid=35e7cf8a-2a5c-45d2-8714-9cdfcfe3883e
1114,https://shop4reebok.com/#category/Pag-60/No-0/0/All/NOT%20maxDiscountPercent_d:[0%20100]?utm_source=izooto&utm_medium=push_notifications&utm_campaign=ATV_30Sep2019&utm_content=&utm_term=
798,https://beabuddhist.net/the-origin-of-rubbing-buddhas-belly-for-good-luck/?utm_source=pushenga&utm_medium=pushenga&utm_campaign=pushenga
818,https://zagranie.com/typuj-z-kejsi-w-premier-league-zagranie-bez-ryzyka-na-ponad-1300-pln/
1016,https://rblive.de/2019/09/03/atinc-nukan-kommt-bei-goeztepe-unter-rb-leipzig/
1112,https://mundoadaptado.com.br/blog/comecam-os-jogos-parapan-americanos-em-lima?utm_source=onesignal&utm_medium=push-notification&utm_content=box
22,http://pushpros.go2cloud.org/aff_c?offer_id=271&aff_id=1075&aff_sub2=11834&aff_sub4=1075&email=&firstname=&lastname=&city={city2}&zip=
1118,https://www.theloom.in/collections/check-out-the-embroideries/?utm_source=push&utm_medium=feedify&utm_campaign=taaka
692,https://pushism.com/c?bidId=push_20190831033927_3f5a2f5d_8c04_4ceb_8339_111b6ef8a609&feedId=240&offerId=50373&url=https%3A%2F%2Fads.istngo.com%2Fbc9268d2-000b-4a71-90a0-283d01cf74a1%3Fcampaign%3Dp23_vldm_usa_ph_bl_m2%26creativity_id%3D91596%26source%3D403%26supply_id%3D240%26bid%3D0.046&data=N.Hszkcp3GQO5RE0wDoM9knghZ22EOODiYoHMfo-99i9coy7V9aS.KuuNQPyAC3-ZP97BqeqElBHzR9CIh6ye8mXL.MozQc-vELrxT-CSp8y1UhBgF.wqwlo8Cp4ZJuj-5g6gWSUbvdOwp7NtVCaIb4JkmQfQTGWLyvsxKs06h1J8k17WQPjwoy435TfXXOG0G7z3RnmE2sRIesQajxbsg5DwCFy1UhZM8XpjH9jur-mr9lQ3d6H3IDNeEGftfJ3cH3f-ZoX.6..oEMrp1BIfHof7EMk2wuVil-A9HM8Z7ldSIvObJCXlr8QWSUeJeWgvWpzoH6T-0vsMzG9h3QvUoUZwCI1a.AH.eLo2w8gGksMsLtac1Njp81L3qaYBuEYRdpq3Z5WDRaEeCjAQY2hdKzSJdied5IfL5Isr0J4KK8OVKDLb.uQco7dQ0ELyKxqQB2K.JrWiOk8kgNC7eBaAIXuKIwBof-20lF48GphqyjRvShAk-0ojjtKYk9Wb0zeaiXSeaBQAZelgyRq7.s.77g5DmnA0RcwvooYDDxzgGaRBqYrnscx-OipIjc8CJl-sMNVAboFoL4UIt.97L-w3w__
709,https://pushism.com/c?bidId=push_20190831224436_7ebeeb58_5b90_4d16_8890_bc16e588bc43&feedId=105&offerId=53179&url=https%3A%2F%2Fads.istngo.com%2F08eaa140-84a0-46ce-846f-dc1058710edc%3Fcampaign%3Dp23_mi2_usmob_splbl07_f%26creativity_id%3D100825%26source%3D41732%26supply_id%3D105%26bid%3D0.04%26click_id%3Dpush_20190831224436_7ebeeb58_5b90_4d16_8890_bc16e588bc43&data=N.Hszkcp3GQO5RE0wDoM9iqJV2.sEIrNAYmBurZ2cfEuYV8XynZclXK34-TxBH1KSPvB8QeFYr7CCCdkOs1yD6TwWFza-Hi4nCZ94ufR5ks-sH9VSF.fxJSOVc3.wZQNoBEzPOnto0m99Yn.TS.OMZn994h4cGENRTuQFK.wg6HjseGvmuc4LZoOo6PrLxDLhm1-Q0BwU5Uf1UY8NH3vMeIpKt8N8Ha79ppTojzXgOIlUX6ibrR9.o3ipqk6lrPRybyWu2YRk.2siEg2t4YV.
668,https://www.hayatsu.com.tr/yeni-uye?utm_source=pushcrew&utm_medium=push_notification&utm_campaign=Welcoming_yeni-uye
26,http://pushpros.go2cloud.org/aff_c?offer_id=204&aff_id=1072&aff_sub=1&aff_sub2=13595&aff_sub4=0&email=&firstname=&lastname=&city=&zip=
131,http://pushpros.go2cloud.org/aff_c?offer_id=257&aff_id=1075&aff_sub=7&aff_sub2=13993&aff_sub4=1096&email=&firstname=&lastname=&city=&zip=
791,https://go.thehomemoneyguide.com/api/offer
951,https://razgradnews.net/2019/08/24/donald-tramp-nalozhi-novi-mita-varhu-kitajski-stoki
579,https://u-s-news.com/the-latest-macron-says-iran-move-could-still-calm-tensions/
685,https://pushism.com/c?bidId=push_20191021114740_9e9d76d6_4b98_4e8a_bb4b_b5f087317964&feedId=105&offerId=41127&url=https%3A%2F%2Fanaged-trywheads.com%2F60a3ef67-4bcc-45f4-a6fe-787063fa1e06%3Fsource%3D40168%26supply_id%3D105%26country%3DUS%26campaign_id%3D41127%26device_name%3DGeneric%2BAndr
135,https://feedbackchoice.com/pr9/?s1=9925&s2=e3af369661b4400fb8d62712b502d56d&utm_source=1_9925
701,https://pushism.com/c?bidId=push_20190908021530_6e0031d8_cc20_4ef2_9d43_9ebf59eb12ee&feedId=67&offerId=45598&url=http%3A%2F%2F2crg1.voluumtrk.com%2Ffaf59920-32e6-4ffc-b25a-cbce432eb353%3Fsubid%3D61%26site%3D61%26affid%3D252a%26supply%3D67%26cid%3D%26cost%3D0.046&data=N.Hszkcp3GQO5RE0wDoM9knghZ22EOODiYoHMfo-99i9coy7V9aS.KuuNQPyAC3-ZP97BqeqElBHzR9CIh6ye8mXL.MozQc-vELrxT-CSp8y1UhBgF.wqwlo8Cp4ZJuj-5g6gWSUbvdOwp7NtVCaIb4JkmQfQTGWLyvsxKs06h1J8k17WQPjwoy435TfXXOG0G7z3RnmE2sRIesQajxbsg5DwCFy1UhZM8XpjH9jur8KOaWIwg1kPFNW2nc2TyU09r77LcKbmYnQNe5G3ERtjlxo4R8tbf1VHU6vHFTyD5va5wYw541SK7bk5PNKazb84giFWGRadohyefZ.gsFkthd.OOH9ee-C4sG5X-dabcOIAjFQqQ-1d5NJfGEynsk9yDIOBOe3ZuWAmcBCq29A-9N2xQPkM7mrFhguOxxGd82164oAgvewVG2TcqrSXQMIgjTqKs0u8fDAtYzahPV3jiOgBZWZUSQ7GjXQHIIW6sIT-YGz0QaU6GOTNkGEDHPL
536,http://hwboutdat.com/?E=N%2fxTvVXlEbhjNhQZd3AHfthHIMvhjLk7&s1=&ckmguid=35e7cf8a-2a5c-45d2-8714-9cdfcfe3883e
822,http://www.messageadvantage.com/19800143869c770000/1324/GTPM/161396495
1117,https://grand-canyon-air-tours.com/helicopter-tour-sweepstakes/?trkid=1&cka=55&cko=65&cks1=2&cks2=13999385&cks3=10215dddec34f5c0c76da5cc071fcb&email=%7bemail%7d
687,https://pushism.com/c?bidId=push_20190830101621_2333ed34_4945_4c42_be8b_734a62e36d98&feedId=105&offerId=41127&url=https%3A%2F%2Fanaged-trywheads.com%2F60a3ef67-4bcc-45f4-a6fe-787063fa1e06%3Fsource%3D41732%26supply_id%3D105%26country%3DUS%26campaign_id%3D41127%26device_name%3DGeneric%2BAndroid%2B7.1%26city%3DAthens%26language%3Den-US%26bid%3D0.04%26bidcpm%3D40%26creativity_id%3D
797,https://beabuddhist.net/the-origin-of-rubbing-buddhas-belly-for-good-luck/?utm_source=pushenga&utm_medium=pushenga&utm_campaign=pushenga
534,http://hwboutdat.com/?E=N%2fxTvVXlEbhjNhQZd3AHfthHIMvhjLk7&s1=&ckmguid=35e7cf8a-2a5c-45d2-8714-9cdfcfe3883e
899,https://smarthealthylives.com/miracle-new-weight-loss-product-given-millions-by-investors/?adid=590421&pubid=2481514967
588,http://r.servetrack.swpstrack.com/aff_c?offer_id=8316&aff_id=1085&aff_sub=1584&aff_sub2=5b9d103ad0174d045b3c337b&aff_sub4=SAWF&aff_sub3=&aff_sub5=&aff_unique5=12a6d4d069cd56cfddaa391c24eb7042&aff_unique2=Thu Oct 17 2019 17:15:58 GMT+0000 (UTC)&aff_unique4=10753&source=&aff_click_id=5b9d103ad0174d045b3c337b&firstname={first}&lastname={last}&email={email}
688,https://pushism.com/c?bidId=push_20190830083614_f6738457_3228_4445_92cc_f6513565fc44&feedId=105&offerId=41127&url=https%3A%2F%2Fanaged-trywheads.com%2F60a3ef67-4bcc-45f4-a6fe-787063fa1e06%3Fsource%3D41732%26supply_id%3D105%26country%3DUS%26campaign_id%3D41127%26device_name%3DGeneric%2BAndroid%2B7.1%26city%3DAthens%26language%3Den-US%26bid%3D0.04%26bidcpm%3D40%26creativity_id%3D
921,https://www.actualiteivoire.info/sport/rdc-recrudescence-des-attaques-contre-des-journalistes-selon-une-ong/?utm_source=onesignal&utm_medium=onesignal&utm_term=webpush&utm_content=webpush&utm_campaign=webpush