272,https://outbrain.com
6970,https://nocotoday.com
6796,https://lacoste.com
6799,https://homepage-web.com
270,https://grubhub.com
279,https://thehill.com
9259,https://shopee.com.my
3510,https://judge.me
3515,https://screencastify.com
2685,https://tiaa.org
92,https://pinterest.com
90,https://cnet.com
7183,https://tacticalinvestor.com
7186,https://ama-assn.org
3434,https://nd.edu
3436,https://vppgamingnetwork.com
3437,https://amazing.com
8012,https://hellobar.com
7453,https://plazamedicalassociates.com
2744,https://simpshopifyapps.com
6537,https://start.me
2038,https://dealspotr.com
2308,https://gearpatrol.com
2306,https://nissanusa.com
3747,https://clickondetroit.com
3742,https://rebrandly.com
3741,https://dlive.tv
6217,https://voachinese.com
6812,https://zaharisolutions.com
9750,https://podbay.fm
8848,https://rtl-theme.com
1764,https://tribunnews.com
696,https://vice.com
695,https://boston.com
8713,https://dcard.tw
8718,https://fsastore.com
9525,https://light-dark.net
6775,https://mattel.com
9964,https://brandsmartusa.com
9969,https://articture.com
257,https://taleo.net
9503,https://rainierarms.com
361,https://youporn.com
3534,https://oprahmag.com
5057,https://streetinsider.com
8527,https://audiomack.com
4290,https://soft98.ir
4292,https://publicstorage.com
4742,https://emalls.ir
4748,https://mlbshop.com
4741,https://organicvisit.com
4744,https://newsblur.com
5863,https://nflshop.com
6187,https://mindtools.com
6183,https://visible.com
9199,https://brighteon.com
3089,https://horseracingnation.com
6234,https://winzip.com
8863,https://oilprice.com
815,https://deadline.com
1700,https://local.com
3028,https://sheknows.com
3023,https://psacard.com
3024,https://musiciansfriend.com
3020,https://vnexpress.net
8730,https://investorsobserver.com
5679,https://w2g.tv
6435,https://packlane.com
8198,https://matadornetwork.com
343,https://cbs.com
238,https://lotterypost.com
2538,https://farmers.com
5074,https://yahoo.net
939,https://cibercuba.com
938,https://socialblade.com
933,https://crateandbarrel.com
5381,https://geebo.com
935,https://spokeo.com
934,https://allstate.com
1536,https://sezzle.com
798,https://delish.com
7147,https://landr.com
2889,https://georgetown.edu
1920,https://cdw.com
1921,https://fortnitetracker.com
2,https://youtube.com
3270,https://fantrax.com
6588,https://comicbookmovie.com
5800,https://alternet.org
5805,https://djhjmedia.com
7185,https://ameba.jp
683,https://therecipecritic.com
674,https://theblaze.com
2701,https://kw.com
7961,https://lemlist.com
3476,https://kat.ph
838,https://tube8.com
8540,https://queenmobile.vn
8542,https://tenor.co
7027,https://thepostmillennial.com
3000,https://oyodomo.com
3007,https://marieclaire.com
1584,https://callrail.com
6418,https://blackenterprise.com
6413,https://lids.com
7775,https://dmv.org
3914,https://coolmath-games.com
6733,https://airdropforall.io
6735,https://wonderhowto.com
8319,https://xerox.com
6083,https://datafox.com
3643,https://lensa.com
5014,https://redbull.com
4415,https://hidemyhistory.co
4411,https://italki.com
9548,https://macupdate.com
918,https://successfactors.com
915,https://bovada.lv
911,https://qoo10.sg
913,https://angieslist.com
6043,https://lemonde.fr
1807,https://ettoday.net
8075,https://whats-on-netflix.com
8077,https://ual.com
633,https://adultfriendfinder.com
637,https://oraclecloud.com
1114,https://workable.com
6525,https://inman.com
4780,https://debutify.com
2764,https://townandcountrymag.com
6272,https://business.com
9730,https://onthisday.com
9734,https://edutopia.org
3454,https://rebatekey.com
3457,https://radiofarda.com
3459,https://gothamist.com
5229,https://hollywoodlife.com
3065,https://techmeme.com
494,https://redtube.com
6479,https://gearjunkie.com
7752,https://shopjustice.com
3934,https://staradvertiser.com
3935,https://neogaf.com
3664,https://stripchat.com
3665,https://template.net
5585,https://heavy-r.com
3661,https://ahs.com
3660,https://morefreecamsecrets.com
3663,https://usphonebook.com
2576,https://scmp.com
5032,https://hotmart.com
977,https://fast.com
8921,https://trendyol.com
3383,https://blockfi.com
1689,https://goal.com
1462,https://hotnewhiphop.com
4236,https://sciencing.com
5595,https://destinyitemmanager.com
318,https://rottentomatoes.com
315,https://unsplash.com
1331,https://varzesh3.com
1333,https://sce.com
7289,https://lastcall.com
2293,https://subway.com
8121,https://business2community.com
879,https://ae.com
3439,https://ar15.com
872,https://papajohns.com
4595,https://grid.id
5202,https://smogon.com
5204,https://computerworld.com
1328,https://ashleyfurniture.com
8135,https://faradars.org
1917,https://easynewsnow.com
7733,https://dailysuperheroes.com
3959,https://keepersecurity.com
8355,https://vuejs.org
4061,https://medicalxpress.com
4068,https://calottery.com
4459,https://watchserieshd.tv
953,https://barchart.com
6330,https://ncl.com
8906,https://avsforum.com
1669,https://dawn.com
1606,https://ynet.co.il
1668,https://fanatics.com
5410,https://hashtagchatter.com
1407,https://wnd.com
1404,https://golfnow.com
4212,https://bizfluent.com
5578,https://peopleperhour.com
1492,https://movoto.com
3968,https://forhims.com
339,https://bleacherreport.com
334,https://aa.com
333,https://shein.com
3631,https://intelius.com
1938,https://wheniwork.com
6107,https://idealist.org
3417,https://ahrefs.com
3414,https://ucsc.edu
3415,https://my.ecwid.com
3410,https://origin.com
4869,https://roadandtrack.com
2013,https://keepa.com
4865,https://kinokrad.co
9447,https://chainstoreage.com
9442,https://dev.to
450,https://collegeboard.org
453,https://pinimg.com
