id,url
Seed_Alexa_32486,https://magicbricks.com
Seed_Alexa_32735,https://twosleevers.com
Seed_Alexa_773,https://exoclick.com
Seed_Alexa_29335,https://zoomcatalog.com
Seed_Alexa_3149,https://kompas.com
Seed_Alexa_25591,https://sivanaspirit.com
Seed_Alexa_25043,https://yourfreshposts.com
Seed_Alexa_2594,https://designbundles.net
Seed_Alexa_30987,https://adaware.com
Seed_Alexa_33364,https://goggles4u.com
Seed_Alexa_4711,https://childrensplace.com
Seed_Alexa_4716,https://paxful.com
Seed_Alexa_20643,https://primexbt.com
Seed_Alexa_27912,https://elpais.com.uy
Seed_Alexa_27910,https://socialchorus.com
Seed_Alexa_6923,https://tasnimnews.com
Seed_Alexa_7604,https://virulandia.com
Seed_Alexa_33617,https://nativepath.com
Seed_Alexa_32404,https://jobvision.ir
Seed_Alexa_26582,https://mobile01.com
Seed_Alexa_9253,https://news18.com
Seed_Alexa_133,https://westernjournal.com
Seed_Alexa_33876,https://slenderkitchen.com
Seed_Alexa_23719,https://kbauthority.com
Seed_Alexa_25210,https://letmereach.com
Seed_Alexa_333,https://shein.com
Seed_Alexa_8054,https://acumatica.com
Seed_Alexa_21704,https://paperkarma.com
Seed_Alexa_27079,https://4shared.com
Seed_Alexa_23275,https://hrcloud.com
Seed_Alexa_2085,https://sun-sentinel.com
Seed_Alexa_6135,https://mandatory.com
Seed_Alexa_23336,https://coronadoleather.com
Seed_Alexa_20986,https://express.pk
Seed_Alexa_25208,https://fitfoodiefinds.com
Seed_Alexa_25030,https://winndixie.com
Seed_Alexa_2122,https://jpost.com
Seed_Alexa_3202,https://detik.com
Seed_Alexa_30914,https://ehomework-helper.com
Seed_Alexa_22940,https://gymboree.com
Seed_Alexa_8979,https://thespun.com
Seed_Alexa_27102,https://brilio.net
Seed_Alexa_22682,https://newsweaver.com
Seed_Alexa_26288,https://solarmovie.fun
Seed_Alexa_716,https://harborfreight.com
Seed_Alexa_24363,https://snn.ir
Seed_Alexa_6628,https://wfmz.com
Seed_Alexa_9909,https://toonily.com
Seed_Alexa_24161,https://godtube.com
Seed_Alexa_26157,https://iolo.com
Seed_Alexa_25715,https://bichee.com
Seed_Alexa_2656,https://stacksocial.com
Seed_Alexa_8921,https://trendyol.com
Seed_Alexa_22259,https://anon-v.com
Seed_Alexa_22876,https://thefreethoughtproject.com
Seed_Alexa_20953,https://aquariumfishsale.com
Seed_Alexa_8848,https://rtl-theme.com
Seed_Alexa_911,https://qoo10.sg
Seed_Alexa_33666,https://ricardocuisine.com
Seed_Alexa_22111,https://ibc.com
Seed_Alexa_1462,https://hotnewhiphop.com
Seed_Alexa_8108,https://websitedevelopmentmarketing.com
Seed_Alexa_32986,https://interstateplastics.com
Seed_Alexa_27450,https://businesstoday.com.tw
Seed_Alexa_21134,https://drberg.com
Seed_Alexa_21106,https://meister-watches.myshopify.com
Seed_Alexa_246,https://bestlifeonline.com
Seed_Alexa_29301,https://widevarietyllc.com
Seed_Alexa_32774,https://kemimoto.myshopify.com
Seed_Alexa_27025,https://christianheadlines.com
Seed_Alexa_33015,https://directhit.com
Seed_Alexa_29548,https://isitwp.com
Seed_Alexa_29891,https://jshow.tv
Seed_Alexa_25793,https://swarajyamag.com
Seed_Alexa_23604,https://fresherslive.com
Seed_Alexa_25138,https://larousse.fr
Seed_Alexa_6740,https://cockntit.com
Seed_Alexa_24209,https://purplewave.com
Seed_Alexa_7186,https://ama-assn.org
Seed_Alexa_1910,https://freepeople.com
Seed_Alexa_5116,https://thehindu.com
Seed_Alexa_25360,https://beistravel.com
Seed_Alexa_21193,https://mrporngeek.com
Seed_Alexa_8349,https://solecollector.com
Seed_Alexa_20248,https://masktier.myshopify.com
Seed_Alexa_32788,https://kosher.com
Seed_Alexa_23127,https://canadafreepress.com
Seed_Alexa_22652,https://aktifhaber.com
Seed_Alexa_22650,https://larazon.es
Seed_Alexa_1700,https://local.com
Seed_Alexa_22848,https://intotheam.com
Seed_Alexa_30536,https://wethepeopleconvention.org
Seed_Alexa_24199,https://simsdom.com
Seed_Alexa_823,https://pdffiller.com
Seed_Alexa_25868,https://novayagazeta.ru
Seed_Alexa_4290,https://soft98.ir
Seed_Alexa_4742,https://emalls.ir
Seed_Alexa_21299,https://wsjwine.com
Seed_Alexa_25690,https://dailythanthi.com
Seed_Alexa_31233,https://carfromjapan.com
Seed_Alexa_1331,https://varzesh3.com
Seed_Alexa_3201,https://chineseinla.com
Seed_Alexa_3205,https://fastquicksearch.com
Seed_Alexa_2158,https://dallasnews.com
Seed_Alexa_8926,https://eatstreet.com
Seed_Alexa_1782,https://gearbest.com
Seed_Alexa_26181,https://ihomeworkhelper.com
Seed_Alexa_24461,https://franchisehelp.com
Seed_Alexa_5586,https://pornone.com
Seed_Alexa_5585,https://heavy-r.com
Seed_Alexa_20693,https://mylot.com
Seed_Alexa_22221,https://rokna.net
Seed_Alexa_30792,https://bookvip.com
Seed_Alexa_8235,https://luckyvitamin.com
Seed_Alexa_8231,https://kensaq.com
Seed_Alexa_942,https://basspro.com
Seed_Alexa_949,https://dreamstime.com
Seed_Alexa_30335,https://dividendchannel.com
Seed_Alexa_26772,https://1stkissmanga.com
Seed_Alexa_8321,https://govplanet.com
Seed_Alexa_20221,https://hola.com
Seed_Alexa_27155,https://sciencefocus.com
Seed_Alexa_26603,https://hot-sex-tube.com
Seed_Alexa_9426,https://shadyrays.com
Seed_Alexa_9428,https://solostove.com
Seed_Alexa_1897,https://zdnet.com
Seed_Alexa_2745,https://baltimoresun.com
Seed_Alexa_24886,https://uwatchfree.bz
Seed_Alexa_32333,https://causeaction.com
Seed_Alexa_26817,https://porn.biz
Seed_Alexa_1663,https://marketbeat.com
Seed_Alexa_1669,https://dawn.com
Seed_Alexa_467,https://carsforsale.com
Seed_Alexa_6479,https://gearjunkie.com
Seed_Alexa_32078,https://rickshaw-journey.myshopify.com
Seed_Alexa_32173,https://pawsncuddle.com
Seed_Alexa_23574,https://aquarium-fish-sale.myshopify.com
Seed_Alexa_21574,https://originaldefense.com
Seed_Alexa_8810,https://singlegrain.com
Seed_Alexa_28233,https://smartbuyglasses.com
Seed_Alexa_25642,https://kompasiana.com
Seed_Alexa_22479,https://artformworld.com
Seed_Alexa_1492,https://movoto.com
Seed_Alexa_8173,https://infinitiusa.com
Seed_Alexa_22228,https://modani.com
Seed_Alexa_27222,https://cnnturk.com
Seed_Alexa_20217,https://behindwoods.com
Seed_Alexa_4504,https://gfinityesports.com
Seed_Alexa_2216,https://consumeraffairs.com
Seed_Alexa_2214,https://hindustantimes.com
Seed_Alexa_3992,https://hfileconversionnow.com
Seed_Alexa_23904,https://deathwishcoffee.com
Seed_Alexa_28073,https://ghatreh.com
Seed_Alexa_23636,https://lesechos.fr
Seed_Alexa_390,https://pcmag.com
Seed_Alexa_31940,https://barcelo.com
Seed_Alexa_29258,https://digistyle.com
Seed_Alexa_3049,https://udn.com
Seed_Alexa_28721,https://brandsdistribution.com
Seed_Alexa_9629,https://bangkokpost.com
Seed_Alexa_5553,https://bleedingcool.com
Seed_Alexa_21952,https://jobilize.com
Seed_Alexa_29132,https://sweetandsavorymeals.com
Seed_Alexa_8899,https://harryanddavid.com
Seed_Alexa_27201,https://sunhome.ru
Seed_Alexa_22780,https://hothardware.com
Seed_Alexa_29726,https://shermanstravel.com
Seed_Alexa_26910,https://tradingwithrayner.com
Seed_Alexa_21020,https://foreignladies.com
Seed_Alexa_6280,https://entertainmentearth.com
Seed_Alexa_29528,https://vidgrid.com
Seed_Alexa_5163,https://ibtimes.com
Seed_Alexa_33464,https://cabletiesunlimited.com
Seed_Alexa_28694,https://grasslandbeef.com
Seed_Alexa_24730,https://progressivegrocer.com
Seed_Alexa_33482,https://xbabe.com
Seed_Alexa_1065,https://rt.com
Seed_Alexa_20085,https://jeromes.com
Seed_Alexa_8635,https://fontbundles.net
Seed_Alexa_4069,https://heysilkyskin.com
Seed_Alexa_32656,https://fanatik.com.tr
Seed_Alexa_879,https://ae.com
Seed_Alexa_22631,https://ecigmafia.com
Seed_Alexa_20156,https://mosalasonline.com
Seed_Alexa_27315,https://purepeople.com
Seed_Alexa_504,https://aliexpress.ru
Seed_Alexa_2624,https://moneyunder30.com
Seed_Alexa_3567,https://neilpatel.com
Seed_Alexa_24225,https://rbth.com
Seed_Alexa_20805,https://hydrobuilder.com
Seed_Alexa_5955,https://arkadium.com
Seed_Alexa_7475,https://websitebuilderexpert.com
Seed_Alexa_21661,https://lrytas.lt
Seed_Alexa_25486,https://chetor.com
Seed_Alexa_25485,https://discountfilters.com
Seed_Alexa_1657,https://decider.com
Seed_Alexa_25121,https://businessinsurance.com
Seed_Alexa_24464,https://gadgets2908.myshopify.com
Seed_Alexa_6444,https://tejaratnews.com
Seed_Alexa_6191,https://punchng.com
Seed_Alexa_2638,https://homelight.com
Seed_Alexa_26480,https://solarmovies.co
Seed_Alexa_4106,https://businessnewsdaily.com
Seed_Alexa_27399,https://wps.com
Seed_Alexa_20676,https://sonsoflibertymedia.com
Seed_Alexa_8643,https://sportsline.com
Seed_Alexa_22273,https://designwizard.com
Seed_Alexa_8822,https://hclips.com
Seed_Alexa_25675,https://zakzak.co.jp
Seed_Alexa_4589,https://lawenforcementtoday.com
Seed_Alexa_1190,https://acehardware.com
Seed_Alexa_3752,https://patheos.com
Seed_Alexa_27215,https://sueddeutsche.de
Seed_Alexa_265,https://cbssports.com
Seed_Alexa_9456,https://livenewsnow.com
Seed_Alexa_20226,https://thehundreds.com
Seed_Alexa_31856,https://kitset.ir
Seed_Alexa_24540,https://carwale.com
Seed_Alexa_1764,https://tribunnews.com
Seed_Alexa_7336,https://hellomagazine.com
Seed_Alexa_32023,https://tagesspiegel.de
Seed_Alexa_29527,https://vjav.com
Seed_Alexa_25402,https://rankactive.com
Seed_Alexa_24751,https://channelstv.com
Seed_Alexa_436,https://brobible.com
Seed_Alexa_30716,https://familyvacationcritic.com
Seed_Alexa_32027,https://ragingbullslots.com
Seed_Alexa_2072,https://inquirer.com
Seed_Alexa_2073,https://eyebuydirect.com
Seed_Alexa_30855,https://filmix.co
Seed_Alexa_9421,https://simpli.com
Seed_Alexa_1110,https://adorama.com
Seed_Alexa_23082,https://thetimecave.com
Seed_Alexa_30520,https://paintshoppro.com
Seed_Alexa_28925,https://the-resolute-rambler.myshopify.com
Seed_Alexa_23371,https://millennialmoneyman.com
Seed_Alexa_21715,https://emby.media
Seed_Alexa_1092,https://seattletimes.com
Seed_Alexa_23011,https://programmersought.com
Seed_Alexa_23018,https://flip-penny.myshopify.com
Seed_Alexa_30487,https://nextdoorstudios.com
Seed_Alexa_21530,https://votedrama.com
Seed_Alexa_31572,https://sanspo.com
Seed_Alexa_3266,https://macworld.co.uk
Seed_Alexa_31571,https://healthprep.com
Seed_Alexa_7004,https://milliyet.com.tr
Seed_Alexa_6060,https://teeitup.com
Seed_Alexa_7824,https://themanual.com
Seed_Alexa_28914,https://wildberries.ru
Seed_Alexa_26229,https://thenewsletterplugin.com
Seed_Alexa_30972,https://sharekhan.com
Seed_Alexa_2815,https://macworld.com
Seed_Alexa_1531,https://anthropologie.com
Seed_Alexa_3595,https://pulsesms.app
Seed_Alexa_26499,https://ultimate-tattoo-supply.myshopify.com
Seed_Alexa_9525,https://light-dark.net
Seed_Alexa_25925,https://cnbctv18.com
Seed_Alexa_30399,https://mumubath.com
Seed_Alexa_27373,https://wionews.com
Seed_Alexa_27798,https://aitrillion.com
Seed_Alexa_189,https://thepiratebay.org
Seed_Alexa_24378,https://dandanzan.com
Seed_Alexa_20861,https://inhhair.com
Seed_Alexa_24171,https://subscribe.ru
Seed_Alexa_21616,https://newsshooter.com
Seed_Alexa_27615,https://searshomeservices.com
Seed_Alexa_33088,https://tosinso.com
Seed_Alexa_4238,https://outkick.com
Seed_Alexa_29866,https://invideo.io
Seed_Alexa_20105,https://blic.rs
Seed_Alexa_20106,https://keepvid.com
Seed_Alexa_26410,https://optimal-beauty-supplies.myshopify.com
Seed_Alexa_22243,https://fnac.com
Seed_Alexa_1398,https://pluralsight.com
Seed_Alexa_9392,https://asahi.com
Seed_Alexa_7135,https://stockstotrade.com
Seed_Alexa_24923,https://wowroms.com
Seed_Alexa_5408,https://wellplated.com
Seed_Alexa_20730,https://investorshangout.com
Seed_Alexa_24951,https://ayobandung.com
Seed_Alexa_5186,https://wholesomeyum.com
Seed_Alexa_1219,https://inquirer.net
Seed_Alexa_3102,https://princetonreview.com
Seed_Alexa_27039,https://plugrush.com
Seed_Alexa_26128,https://dni.ru
Seed_Alexa_31093,https://banimode.com
Seed_Alexa_32015,https://telugubulletin.com
Seed_Alexa_3310,https://foundr.com
Seed_Alexa_7407,https://publinews.gt
Seed_Alexa_9834,https://upornia.com
Seed_Alexa_24904,https://kinkly.com
Seed_Alexa_7642,https://famous-smoke.com
Seed_Alexa_6810,https://xozilla.com
Seed_Alexa_1900,https://romwe.com
Seed_Alexa_22752,https://cnbcindonesia.com
Seed_Alexa_27726,https://nzz.ch
Seed_Alexa_26093,https://olivemagazine.com
Seed_Alexa_20931,https://orthofeet.com
Seed_Alexa_30213,https://hankyung.com
Seed_Alexa_2270,https://hurriyet.com.tr
Seed_Alexa_5728,https://blinds.com
Seed_Alexa_23377,https://rl-trades.com
Seed_Alexa_26705,https://investingnews.com
Seed_Alexa_28624,https://atlantablackstar.com
Seed_Alexa_804,https://wondershare.com
Seed_Alexa_31800,https://sportal.bg
Seed_Alexa_7954,https://sodapdf.com
Seed_Alexa_30001,https://mstrwatches.com
Seed_Alexa_27375,https://menuwithprice.com
Seed_Alexa_22473,https://mspoweruser.com
Seed_Alexa_218,https://accuweather.com
Seed_Alexa_30637,https://answerroot.com
Seed_Alexa_28421,https://care-remote.myshopify.com
Seed_Alexa_22900,https://banglanews24.com
Seed_Alexa_30067,https://nykaa.com
Seed_Alexa_21760,https://dankcartel.com
Seed_Alexa_26016,https://femefun.com
Seed_Alexa_9212,https://kimcartoon.to
Seed_Alexa_9217,https://templatemonster.com
Seed_Alexa_29954,https://otvfoco.com.br
Seed_Alexa_25090,https://alphaclothing.co
Seed_Alexa_24328,https://charliekirk.com
Seed_Alexa_7071,https://worldbestposts.com
Seed_Alexa_7897,https://gmass.co
Seed_Alexa_5023,https://cio.com
Seed_Alexa_27523,https://clevereconomy.com
Seed_Alexa_3406,https://biblestudytools.com
Seed_Alexa_8012,https://hellobar.com
Seed_Alexa_33405,https://mdjonline.com
Seed_Alexa_26194,https://seminolesocialcasino.com
Seed_Alexa_26192,https://cryptotabforpc.com
Seed_Alexa_2337,https://easeus.com
Seed_Alexa_2332,https://gab.com
Seed_Alexa_32840,https://hobbytown.com
Seed_Alexa_27483,https://sanfoundry.com
Seed_Alexa_28470,https://alpha-clothing-co.myshopify.com
Seed_Alexa_1421,https://spankwire.com
Seed_Alexa_7143,https://boxhowto.com
Seed_Alexa_25267,https://vista.ir
Seed_Alexa_29665,https://joe-finn-collections.myshopify.com
Seed_Alexa_9438,https://iqiyi.com
Seed_Alexa_281,https://ladbible.com
Seed_Alexa_27,https://aliexpress.com
Seed_Alexa_8383,https://summersalt.com
Seed_Alexa_4595,https://grid.id
Seed_Alexa_5970,https://echo.msk.ru
Seed_Alexa_2280,https://photographytalk.com
Seed_Alexa_6992,https://1377x.to
Seed_Alexa_2755,https://1800flowers.com
Seed_Alexa_24877,https://cheryls.com
Seed_Alexa_23099,https://awsomu.com
Seed_Alexa_23093,https://easyweeknightrecipes.com
Seed_Alexa_24107,https://cryptotabios.com
Seed_Alexa_5832,https://puravidabracelets.com
Seed_Alexa_21564,https://expertjobmatch.com
Seed_Alexa_32288,https://flightview.com
Seed_Alexa_28220,https://luu-inhaler.myshopify.com
Seed_Alexa_22159,https://thereciperebel.com
Seed_Alexa_25882,https://mumblit.com
Seed_Alexa_27237,https://gujaratsamachar.com
Seed_Alexa_23441,https://kimsaeed.com
Seed_Alexa_22316,https://80percentarms.com
Seed_Alexa_28855,https://cari.com.my
Seed_Alexa_3159,https://sothebysrealty.com
Seed_Alexa_3638,https://ymp4.download
Seed_Alexa_21313,https://livekindly.co
Seed_Alexa_28676,https://wigs.com
Seed_Alexa_20906,https://livenewschat.eu
Seed_Alexa_6706,https://yjc.ir
Seed_Alexa_20656,https://patriotpulse.net
Seed_Alexa_23359,https://istudy-helper.com
Seed_Alexa_3881,https://spiri.ai
Seed_Alexa_3244,https://tokopedia.com
Seed_Alexa_27405,https://picturethemagic.com
Seed_Alexa_25536,https://thestar.com.my
Seed_Alexa_32434,https://khanesarmaye.com
Seed_Alexa_8626,https://buildwealth.website
Seed_Alexa_28366,https://risnews.com
Seed_Alexa_23989,https://hotscripts.com
Seed_Alexa_329,https://gamespot.com
Seed_Alexa_9037,https://aniwatch.me
Seed_Alexa_29309,https://man-wood.myshopify.com
Seed_Alexa_33417,https://sanook.com
Seed_Alexa_21215,https://eghtesadonline.com
Seed_Alexa_21976,https://sport.ua
Seed_Alexa_28450,https://cosmo.ru
Seed_Alexa_9548,https://macupdate.com
Seed_Alexa_2933,https://nutshell.com
Seed_Alexa_22972,https://realmadrid.com
Seed_Alexa_27809,https://khabarpu.com
Seed_Alexa_22699,https://thecookierookie.com
Seed_Alexa_30462,https://publico.pt
Seed_Alexa_20256,https://careerboutique.com
Seed_Alexa_3476,https://kat.ph
Seed_Alexa_6632,https://astrology.com
Seed_Alexa_21672,https://123movieshub.one
Seed_Alexa_27639,https://deliverydudes.com
Seed_Alexa_26730,https://outlookindia.com
Seed_Alexa_7702,https://bbcgoodfood.com
Seed_Alexa_27382,https://bestjavporn.com
Seed_Alexa_359,https://bizrate.com
Seed_Alexa_32505,https://learnwoo.com
Seed_Alexa_905,https://sportbible.com
Seed_Alexa_4358,https://igg-games.com
Seed_Alexa_8132,https://infoworld.com
Seed_Alexa_6867,https://javatpoint.com
Seed_Alexa_7112,https://asriran.com
Seed_Alexa_28563,https://ultimatetattoosupply.com
Seed_Alexa_29314,https://ecig-city.com
Seed_Alexa_4677,https://tonyrobbins.com
Seed_Alexa_7327,https://appypie.com
Seed_Alexa_31677,https://sir.com
Seed_Alexa_25708,https://withintheflow.com
Seed_Alexa_7171,https://donya-e-eqtesad.com
Seed_Alexa_6435,https://packlane.com
Seed_Alexa_31073,https://cardpool.com
Seed_Alexa_3089,https://horseracingnation.com
Seed_Alexa_4738,https://ivoryella.com
Seed_Alexa_7428,https://stripo.email
Seed_Alexa_21749,https://frontofficesports.com
Seed_Alexa_22188,https://singaporeair.com
Seed_Alexa_8422,https://pipingrock.com
Seed_Alexa_8428,https://doughroller.net
Seed_Alexa_2479,https://pcworld.com
Seed_Alexa_23247,https://hitomi.la
Seed_Alexa_22925,https://diez.hn
Seed_Alexa_27705,https://jobtome.com
Seed_Alexa_5335,https://money.com
Seed_Alexa_33447,https://new-solarmovie.com
Seed_Alexa_33488,https://allevents.in
Seed_Alexa_20815,https://beliefnet.com
Seed_Alexa_8679,https://komando.com
Seed_Alexa_31542,https://inn.co.il
Seed_Alexa_3661,https://ahs.com
Seed_Alexa_3663,https://usphonebook.com
Seed_Alexa_27549,https://goldie-gem.myshopify.com
Seed_Alexa_22067,https://runtheworld.today
Seed_Alexa_20605,https://xcafe.com
Seed_Alexa_9703,https://comingsoon.net
Seed_Alexa_28988,https://thescottishsun.co.uk
Seed_Alexa_3000,https://oyodomo.com
Seed_Alexa_27357,https://hotmovs.com
Seed_Alexa_32151,https://zigwheels.com
Seed_Alexa_674,https://theblaze.com
Seed_Alexa_29405,https://farm-field-table.myshopify.com
Seed_Alexa_27782,https://sportsnet.ca
Seed_Alexa_23254,https://payu.in
Seed_Alexa_735,https://pagesix.com
Seed_Alexa_32813,https://dojoverse.com
Seed_Alexa_22191,https://maperformance.com
Seed_Alexa_5917,https://amzscout.net
Seed_Alexa_9964,https://brandsmartusa.com
Seed_Alexa_20590,https://thefederalistpapers.org
Seed_Alexa_33462,https://connectcom.com
Seed_Alexa_32345,https://jungleworks.com
Seed_Alexa_32695,https://nashbar.com
Seed_Alexa_32690,https://pep.ph
Seed_Alexa_29874,https://porntube.com
Seed_Alexa_22676,https://aish.com
Seed_Alexa_4543,https://princesspolly.com
Seed_Alexa_4141,https://courant.com
Seed_Alexa_8865,https://pngio.com
Seed_Alexa_23622,https://baodatviet.vn
Seed_Alexa_1404,https://golfnow.com
Seed_Alexa_24772,https://setare.com
Seed_Alexa_33599,https://vgmforbin.com
Seed_Alexa_9410,https://analdin.com
Seed_Alexa_26231,https://lilysilk.com
Seed_Alexa_21137,https://portland-distro.myshopify.com
Seed_Alexa_1884,https://gopro.com
Seed_Alexa_26836,https://worldsubtitle.info
Seed_Alexa_30119,https://aetrex.com
Seed_Alexa_28400,https://merryjane.com
Seed_Alexa_5204,https://computerworld.com
Seed_Alexa_30742,https://vesti.ru
Seed_Alexa_4930,https://horoscope.com
Seed_Alexa_32062,https://hamyar.co
Seed_Alexa_2898,https://hardsextube.com
Seed_Alexa_20783,https://wholesalefloral.com
Seed_Alexa_24014,https://thefoodieaffair.com
Seed_Alexa_32262,https://musictheoryshop.myshopify.com
Seed_Alexa_9303,https://gadgetsnow.com
Seed_Alexa_1975,https://keezmovies.com
Seed_Alexa_3896,https://pocket-lint.com
Seed_Alexa_8368,https://alison.com
Seed_Alexa_8985,https://sanspo.com
Seed_Alexa_8981,https://etour.com
Seed_Alexa_32761,https://diamondcbd.com
Seed_Alexa_23101,https://xtits.com
Seed_Alexa_23102,https://teoma.us
Seed_Alexa_8642,https://dogtime.com
Seed_Alexa_7377,https://techhive.com
Seed_Alexa_31931,https://allocine.fr
Seed_Alexa_20061,https://flipgive.com
Seed_Alexa_21294,https://mississippitoday.org
Seed_Alexa_33336,https://afkgaming.com
Seed_Alexa_2814,https://yamibuy.com
Seed_Alexa_4768,https://hodinkee.com
Seed_Alexa_2037,https://dealnews.com
Seed_Alexa_21275,https://swagtron.com
Seed_Alexa_22895,https://topky.sk
Seed_Alexa_22896,https://tecmundo.com.br
Seed_Alexa_33134,https://finanznachrichten.de
Seed_Alexa_8296,https://bonbast.com
Seed_Alexa_6525,https://inman.com
Seed_Alexa_31461,https://xuite.net
Seed_Alexa_22404,https://shemalez.com
Seed_Alexa_22634,https://caribbeannewsden.com
Seed_Alexa_25068,https://family-wildfire-survival-equipment.myshopify.com
Seed_Alexa_31535,https://gldjewels.myshopify.com
Seed_Alexa_7047,https://khabaronline.ir
Seed_Alexa_32846,https://misbar.com
Seed_Alexa_1833,https://dealpilot.com
Seed_Alexa_7860,https://encuentra24.com
Seed_Alexa_22035,https://abokifx.com
Seed_Alexa_20309,https://novin.com
Seed_Alexa_32875,https://sweetnight.com
Seed_Alexa_848,https://urbanoutfitters.com
Seed_Alexa_22779,https://alphapreneur.com
Seed_Alexa_9013,https://theanswerhub.com
Seed_Alexa_8768,https://legiit.com
Seed_Alexa_2302,https://dowjones.com
Seed_Alexa_2306,https://nissanusa.com
Seed_Alexa_3552,https://teamblind.com
Seed_Alexa_24669,https://ojogo.pt
Seed_Alexa_538,https://newsweek.com
Seed_Alexa_29474,https://partsmarket.com
Seed_Alexa_1439,https://whatismyipaddress.com
Seed_Alexa_31486,https://martechcube.com
Seed_Alexa_5440,https://emisorasunidas.com
Seed_Alexa_4901,https://shawacademy.com
Seed_Alexa_27862,https://whitefoxboutique.com
Seed_Alexa_27868,https://seattleppe.com
Seed_Alexa_27281,https://sparklytrees.com
Seed_Alexa_21852,https://kzclip.com
Seed_Alexa_4613,https://sputniknews.com
Seed_Alexa_2723,https://y2mate.guru
Seed_Alexa_6612,https://livesoccertv.com
Seed_Alexa_9939,https://astrostyle.com
Seed_Alexa_21657,https://geekbuying.com
Seed_Alexa_30251,https://sunnysports.com
Seed_Alexa_33048,https://dawnnews.tv
Seed_Alexa_26292,https://eatstreet.com
Seed_Alexa_1646,https://washingtontimes.com
Seed_Alexa_4960,https://draxe.com
Seed_Alexa_6187,https://mindtools.com
Seed_Alexa_5376,https://yektanet.com
Seed_Alexa_26310,https://pipingrock.com
Seed_Alexa_27771,https://retailcustomerexperience.com
Seed_Alexa_28782,https://sunstar.com.ph
Seed_Alexa_8482,https://solarmovie.to
Seed_Alexa_31405,https://eghtesadnews.com
Seed_Alexa_1947,https://cafemom.com
