"id","url"
30001,"https://mstrwatches.com"
30067,"https://nykaa.com"
30119,"https://aetrex.com"
30213,"https://hankyung.com"
30251,"https://sunnysports.com"
30335,"https://dividendchannel.com"
30399,"https://mumubath.com"
30462,"https://publico.pt"
30487,"https://nextdoorstudios.com"
30520,"https://paintshoppro.com"
30536,"https://wethepeopleconvention.org"
30637,"https://answerroot.com"
30716,"https://familyvacationcritic.com"
30742,"https://vesti.ru"
30792,"https://bookvip.com"
30855,"https://filmix.co"
30914,"https://ehomework-helper.com"
30972,"https://sharekhan.com"
30987,"https://adaware.com"
31073,"https://cardpool.com"
31093,"https://banimode.com"
31233,"https://carfromjapan.com"
31405,"https://eghtesadnews.com"
31461,"https://xuite.net"
31486,"https://martechcube.com"
31535,"https://gldjewels.myshopify.com"
31542,"https://inn.co.il"
31571,"https://healthprep.com"
31677,"https://sir.com"
31800,"https://sportal.bg"
31856,"https://kitset.ir"
31931,"https://allocine.fr"
31940,"https://barcelo.com"
32015,"https://telugubulletin.com"
32023,"https://tagesspiegel.de"
32027,"https://ragingbullslots.com"
32062,"https://hamyar.co"
32078,"https://rickshaw-journey.myshopify.com"
32151,"https://zigwheels.com"
32173,"https://pawsncuddle.com"
32262,"https://musictheoryshop.myshopify.com"
32288,"https://flightview.com"
32333,"https://causeaction.com"
32345,"https://jungleworks.com"
32404,"https://jobvision.ir"
32434,"https://khanesarmaye.com"
32486,"https://magicbricks.com"
32505,"https://learnwoo.com"
32656,"https://fanatik.com.tr"
32690,"https://pep.ph"
32695,"https://nashbar.com"
32735,"https://twosleevers.com"
32761,"https://diamondcbd.com"
32774,"https://kemimoto.myshopify.com"
32788,"https://kosher.com"
32813,"https://dojoverse.com"
32840,"https://hobbytown.com"
32846,"https://misbar.com"
32875,"https://sweetnight.com"
32986,"https://interstateplastics.com"
33015,"https://directhit.com"
33048,"https://dawnnews.tv"
33088,"https://tosinso.com"
33134,"https://finanznachrichten.de"
33336,"https://afkgaming.com"
33364,"https://goggles4u.com"
33405,"https://mdjonline.com"
33417,"https://sanook.com"
33447,"https://new-solarmovie.com"
33462,"https://connectcom.com"
33464,"https://cabletiesunlimited.com"
33482,"https://xbabe.com"
33488,"https://allevents.in"
33599,"https://vgmforbin.com"
33617,"https://nativepath.com"
33666,"https://ricardocuisine.com"
33876,"https://slenderkitchen.com"
33911,"https://idropnews.com"
34134,"https://super-sweepstakes.com"
34199,"https://adsrsounds.com"
34209,"https://wordans.com"
34218,"https://betterhash.net"
34291,"https://lexpress.fr"
34311,"https://bitsybugboutique.com"
34359,"https://careremotestore.com"
34379,"https://mintresume.com"
34470,"https://coronado-leather.myshopify.com"
34567,"https://watchonline.ir"
34615,"https://victoriahearts.com"
34623,"https://getpopcorntime.is"
34633,"https://indiainfoline.com"
34645,"https://dramacool.ae"
34760,"https://beginningboutique.com"
34804,"https://vital-red-lights.myshopify.com"
34846,"https://hukitchen.com"
34860,"https://elcorreo.com"
34872,"https://axelarigato.com"
34888,"https://more.com"
34897,"https://thisav.com"
34964,"https://101soundboards.com"
35077,"https://rickshawjourney.com"
36001,"https://rifftrax.com"
36002,"https://foxandbriar.com"
36197,"https://uniuvc.myshopify.com"
36201,"https://suggestive.com"
36340,"https://affiliaxe.com"
36344,"https://lumnyalcolm.top"
36477,"https://wolfermans.com"
36532,"https://juniorminingnetwork.com"
36599,"https://wickedweasel.com"
36675,"https://mootanroo.com"
36856,"https://analyticsinsight.net"
37028,"https://genuine-by-anthony.myshopify.com"
37092,"https://ryderwear.com"
37172,"https://worldsex.com"
37285,"https://blackedraw.com"
37437,"https://getmyster.com"
37608,"https://vikatan.com"
37652,"https://cheefbotanicals.com"
37691,"https://voguewigs.com"
37750,"https://cybriant.com"
37908,"https://ntvbd.com"
38117,"https://futura-sciences.com"
38424,"https://5miles.com"
38458,"https://chicsoul.com"
38566,"https://homegrowncannabisco.com"
38644,"https://healthrangerstore.com"
38973,"https://vfpresets.com"
39025,"https://insidenova.com"
39028,"https://rttnews.com"
39043,"https://triboon.net"
39047,"https://depco.com"
39058,"https://thepearlsource.com"
39114,"https://khooger.com"
39549,"https://anzalweb.ir"
39620,"https://mrinsta.com"
39720,"https://used.forsale"
39869,"https://momentaryink.com"
39992,"https://laprensa.hn"
40261,"https://freeviewmovies.com"
40295,"https://eroprofile.com"
40322,"https://anniecloth.com"
40333,"https://brigitte.de"
40486,"https://elgrafico.com"
40627,"https://pkobp.pl"
40679,"https://thecubicle.com"
40720,"https://sunnygco.com"
40723,"https://cabotwealth.com"
40724,"https://tecadmin.net"
40758,"https://sweepstakesbible.com"
40778,"https://jawapos.com"
40808,"https://julieblanner.com"
41111,"https://tomtop.com"
41129,"https://hopewriters.com"
41168,"https://familywildfiresurvivalequipment.com"
41211,"https://alkhaleejtoday.co"
41325,"https://newzit.com"
41369,"https://nilgamsafar.com"
41542,"https://akhbaralaan.net"
41654,"https://pcgamestorrents.com"
41742,"https://nseriodicale.top"
41916,"https://freshstuff4you.com"
42019,"https://advancedbionutritionals.com"
42207,"https://z3ddota.com"
42238,"https://julieseatsandtreats.com"
42574,"https://upnewsinfo.com"
42806,"https://gokailo.com"
42978,"https://ronnierokksmith.com"
43132,"https://bluegy.com"
43184,"https://uzone.id"
43193,"https://andrewhubbard.co"
43228,"https://aimersoft.com"
43352,"https://ultrawifiplus.com"
43458,"https://astroyogi.com"
43493,"https://womensbest.com"
43922,"https://sxx.com"
43940,"https://miraclebrand.co"
44019,"https://lifestyleplaza.myshopify.com"
44362,"https://beautypackaging.com"
44390,"https://mystream.to"
44438,"https://hawzah.net"
44817,"https://thehindubusinessline.com"
45026,"https://hookupshub.com"
45216,"https://neffheadwear.com"
45256,"https://legendsofthedigitalworld.com"
45420,"https://gsm.ir"
45429,"https://geologie.com"
45575,"https://puretaboo.com"
45732,"https://myster.myshopify.com"
45790,"https://forentrepreneurs.com"
45866,"https://landflip.com"
45913,"https://routerlogin.dev"
45941,"https://optimalbeautysupplies.com"
46057,"https://elcolombiano.com"
46059,"https://fjackets.com"
46071,"https://koovs.com"
46259,"https://metroworldnews.com"
46271,"https://outdoormaster.com"
46462,"https://conservativedailypost.com"
46549,"https://mailbakery.com"
46680,"https://free-123movies.com"
46852,"https://coinsutra.com"
47020,"https://esky.com"
47090,"https://claro.com.br"
47160,"https://30nama.work"
47383,"https://risingbd.com"
47498,"https://591.com.tw"
47722,"https://guardian.ng"
47841,"https://rude.com"
47965,"https://wakanow.com"
48300,"https://elaph.com"
48625,"https://klicklewiscars.com"
48682,"https://cobone.com"
48851,"https://bux.dev"
48951,"https://philly.com"
49072,"https://naszemiasto.pl"
49131,"https://standaard.be"
49193,"https://nextcareernow.com"
49311,"https://dn.pt"
49494,"https://kemimoto.com"
49592,"https://waistshaper.myshopify.com"
49648,"https://editage.com"
49744,"https://sebgorka.com"
49854,"https://bincheck.io"
49903,"https://mlace-co.myshopify.com"
50082,"https://propertymetrics.com"
50301,"https://khmerload.com"
50458,"https://rubyslots.com"
50487,"https://terra.cl"
50523,"https://berkshireeagle.com"
50763,"https://vivareal.com.br"
50891,"https://ldlc.com"
51118,"https://realgfporn.com"
51299,"https://waploaded.com"
51348,"https://dailygoodiebox.com"
51475,"https://sonorachryslerdodgejeepram.com"
51626,"https://faucetdirect.com"
51646,"https://muyinteresante.es"
51778,"https://ibelieve.com"
51861,"https://beamingbaker.com"
51912,"https://adapt-de-lure.myshopify.com"
52003,"https://watchonline.guide"
52005,"https://watchtvnow.org"
52292,"https://kissmetrics.com"
52369,"https://750g.com"
