app,link
2brew,https://2brew.github.io/
abc.xyz,https://abc.xyz
Air Horner,https://airhorner.com/
AlarmDJ,https://alarmdj.com
Aliexpress,https://m.aliexpress.com/?tracelog=wwwhome2mobilesitehome
ampproject,https://www.ampproject.org
Anonynote,https://anonynote.org
Avain.app,https://avain.app
Bento-starter,https://bento-starter.firebaseapp.com
Best Markdown Editor,https://bestmarkdowneditor.com
Bet Calculator,https://www.betvictor.com/bet-calculator/
Booksie,https://www.booksie.org/
Budget Tracker,https://btapp.netlify.com/
Care Cards,https://carecards.io
Chrome Developer Summit,https://developers.google.com/
chromestatus,https://www.chromestatus.com/features
Closerintime,https://closerinti.me
Colosseum,https://naramsim.github.io/Colosseum/
Currency Converter,https://www.currency-x.com
Currency Exchange Loss Calculator,https://currency-loss.netlify.com/
Datememe,https://www.datememe.com
Demo PWA,https://github.com/gokulkrishh/demo-progressive-web-app
Dev.Opera,https://dev.opera.com/
Digikala,https://www.digikala.com/
Dog Safe Foods,https://dogsafefoods.com
ELFSH Food and expense manager,https://elfsh.mousetail.nl
emberclear,https://emberclear.io
emojoy,https://jakearchibald-gcm.appspot.com/
Etch,https://etch.co
Feelancer,https://m.freelancer.com/messages
FF-Platfrom-Status,https://platform-status.mozilla.org
Firefox Platform Status,https://platform-status.mozilla.org/
FlagWarriors (minimalist multiplayer strategy game),https://flagwarriors.netlify.com
Flipkart Lite,https://github.com/hemanth/awesome-pwa#appshttp://www.flipkart.com
eng blog post,https://medium.com/progressive-web-apps/building-flipkart-lite-a-progressive-web-app-2c211e641883
case study,https://developers.google.com/web/showcase/2016/flipkart
Football Peek,https://footballpeek.com/
ghChat,https://github.com/aermin/ghChat
GitHub Explorer,https://github-e.com/
Google I/O,https://events.google.com/io2016/
GPA Calculator,https://gpacalculator.io
guitar-tuner,https://aerotwist.com/blog/guitar-tuner/
Housing Go,https://github.com/hemanth/awesome-pwa#appshttp://www.housing.com
Indecisive.US,https://indecisive.us/
Journalistic,https://journalisticapp.com/
jsfeatures,https://jsfeatures.in
JSON Formatter,https://jsonformatter.live/
Kahla,https://web.kahla.app
Lorem Ipsum,https://loremipsum.io
Make Better Software,https://makebetter.software
Medium,https://medium.com/
Memory Game PWA,https://pwa-memory-game.surge.sh/
MoneyTracker,https://moneytracker.cc/
MTGStocks,https://www.mtgstocks.com/news
Notella,https://github.com/siddharthkp/notella
Notepad,https://www.amitmerchant.com/notepad/
offline-wikipedia,https://wiki-offline.jakearchibald.com/
PakWheels,https://www.pakwheels.com/
Paytm Lite,https://paytm.com/
Pokedex,https://pokedex.org/
PokeQuest Wiki,https://pokequest.wiki/
PregBuddy,https://app.pregbuddy.com
Progressive Beer,https://deanhume.github.io/beer/
QR Code Generator,https://qr-code-generator.now.sh
QR Code Scanner,https://qrcodescan.in/
Remember,https://paulhoughton.github.io/remember/
Resume Nation,https://resume-nation.github.io
SaintsApp,https://saintsschedule.info/
Similar Worlds,https://similarworlds.com/
Simple Currency Converter,https://currency-converter.now.sh
Skcript,https://www.skcript.com/
Smaller Pictures,https://smaller-pictures.appspot.com
Snapdrop,https://snapdrop.net
Soundslice,https://www.soundslice.com
SplittyPie,https://splittypie.com
sv-ginger,https://sv-ginger.appspot.com/
SVGOMG,https://jakearchibald.github.io/svgomg/
Taskade,https://www.taskade.com
TeamGrid,https://www.teamgridapp.com
The Trend Bed,https://thetrendbed.com
Themer,https://themer.dev
Tinder,https://tinder.com
Topple Trump!,https://toppletrump.com/
Total Formatter,https://totalformatter.web.app
trivago,https://www.trivago.com/
Tutor Portfolio PWA,https://englishextra.gitlab.io/
Twitter,https://twitter.com
Uber Web,https://m.uber.com
VeggieTables,https://veggietables.org
Versus,https://versus.com/en
voice-memos,https://voice-memos.appspot.com/
Washington Post,https://www.washingtonpost.com/pwa/
Wave-PD1,https://alexgibson.github.io/wavepad/
Web NFC enabled shopping cart,https://webnfc-shoppingcart.appspot.com
Word Counter,https://wordcounter.io
X Sound,https://korilakkuma.github.io/X-Sound/
Yahtzee,https://zpix1.github.io/yahtzee/
